[
    {
        "image": "https://cache03.housesigma.com/Live/photos/FULL/2/889/C4629889_2.jpg?fa936f05",
        "lastStatus": "Available",
        "listDate": "01/10/2020",
        "soldDate": "05/02/2020",
        "listPrice": "5,000",
        "soldPrice": "3,050,000",
        "daysOnMarket": "10",
        "bedAdult": "4",
        "bedChild": "1",
        "baths": "4",
        "parking": "4",
        "type": "Detached"
    },
    {
        "image": "https://bungol.sfo2.digitaloceanspaces.com/treb/C4818137/C4818137-5.jpg",
        "lastStatus": "Available",
        "listDate": "01/10/2020",
        "soldDate": "05/02/2020",
        "listPrice": "5,000",
        "soldPrice": "3,050,000",
        "daysOnMarket": "10",
        "bedAdult": "4",
        "bedChild": "1",
        "baths": "4",
        "parking": "4",
        "type": "Detached"
    },
    {
        "image": "https://media.property.ca/static/505/c4695505/custom/c4695505_1.jpg",
        "lastStatus": "Available",
        "listDate": "01/10/2020",
        "soldDate": "05/02/2020",
        "listPrice": "5,000",
        "soldPrice": "3,050,000",
        "daysOnMarket": "10",
        "bedAdult": "4",
        "bedChild": "1",
        "baths": "4",
        "parking": "4",
        "type": "Detached"
    },
    {
        "image": "https://cache03.housesigma.com/Live/photos/FULL/2/889/C4629889_2.jpg?fa936f05",
        "lastStatus": "Available",
        "listDate": "01/10/2020",
        "soldDate": "05/02/2020",
        "listPrice": "5,000",
        "soldPrice": "3,050,000",
        "daysOnMarket": "10",
        "bedAdult": "4",
        "bedChild": "1",
        "baths": "4",
        "parking": "4",
        "type": "Detached"
    }
]