[
    {
        "status": "For Sale",
        "listDate": "01/10/2020",
        "soldDate": "05/02/2020",
        "listPrice": "5,000",
        "soldPrice": "",
        "mls": "W471325"
    },
    {
        "status": "Sold",
        "listDate": "01/10/2020",
        "soldDate": "05/02/2020",
        "listPrice": "2,350,000",
        "soldPrice": "2,150,000",
        "mls": "W471323"
    },
    {
        "status": "Terminated",
        "listDate": "01/10/2020",
        "soldDate": "05/02/2020",
        "listPrice": "2,550,000",
        "soldPrice": "",
        "mls": "W471322"
    },
    {
        "status": "Rented",
        "listDate": "01/10/2020",
        "soldDate": "05/02/2020",
        "listPrice": "2,500",
        "soldPrice": "2,400",
        "mls": "W471332"
    }
]