{
    "agents": "",
    "area": "Toronto",
    "cableInlc": "N",
    "city": "Toronto",
    "class": "CondoProperty",
    "condominium": {
      "ammenities": "#####",
      "buildingInsurance": "Y",
      "condoCorp": "MTC",
      "condoCorpNum": "739",
      "exposure": "E",
      "id": 23897,
      "locker": "Owned",
      "lockerNumber": "",
      "mlsNumber": "C4883803",
      "parkingType": "None",
      "pets": "Restrict",
      "propertyMgr": "T.S.E Management 905.764.9166 Ext.34",
      "stories": "26"
    },
    "country": null,
    "created_at": null,
    "daysOnMarket": "2",
    "detail": {
      "airConditioning": "Central Air",
      "basement1": "None",
      "basement2": "",
      "centralVac": "N",
      "den": "N",
      "description": "Great Value For Luxurious Waterfront Living! Extensively Renovated And Spacious 2-Bedroom Condo With Many Creative Upgrades. Unique Opportunity To Live With Grand Views Of Both The Lake And The City. Gorgeous Parks And Trails At Your Door; Every Amenity You Could Possibly Need Within A Short Walk, Including Full-Sized Grocery Stores, Gyms And Fitness Studios, Coffee Shops, Restaurants, Bars And Shopping. Full Rooftop Access With Mesmerizing Views",
      "elevator": "",
      "exteriorConstruction1": "Brick",
      "exteriorConstruction2": "",
      "extras": "",
      "furnished": "",
      "garage": "None",
      "heating": "Forced Air",
      "id": 23897,
      "mlsNumber": "C4883803",
      "patio": "None",
      "swimmingPool": null,
      "virtualTourUrl": "",
      "yearBuilt": ""
    },
    "district": "Toronto C01",
    "heatIncl": "N",
    "hydroIncl": "N",
    "id": 24597,
    "images": "IMG-C4883803_1.jpg#IMG-C4883803_2.jpg#IMG-C4883803_3.jpg#IMG-C4883803_4.jpg#IMG-C4883803_5.jpg#IMG-C4883803_6.jpg#IMG-C4883803_7.jpg#IMG-C4883803_8.jpg#IMG-C4883803_9.jpg#IMG-C4883803_10.jpg#IMG-C4883803_11.jpg#IMG-C4883803_12.jpg#IMG-C4883803_13.jpg#IMG-C4883803_14.jpg#IMG-C4883803_15.jpg#IMG-C4883803_16.jpg#IMG-C4883803_17.jpg#IMG-C4883803_18.jpg#IMG-C4883803_19.jpg#IMG-C4883803_20.jpg",
    "lastStatus": "New",
    "latitude": "43.639182",
    "listDate": "2020-08-24T00:00:00.000Z",
    "listPrice": "729900.00",
    "longitude": "-79.386392",
    "lot": {
      "acres": null,
      "depth": null,
      "id": 23897,
      "irregular": null,
      "legalDescription": null,
      "measurement": null,
      "mlsNumber": "C4883803",
      "width": null
    },
    "maintenance": "521.50",
    "majorIntersection": "Gardiner Expy",
    "mlsNumber": "C4883803",
    "nearby": {
      "ammenities": "#####",
      "id": 23897,
      "mlsNumber": "C4883803"
    },
    "neighborhood": "Waterfront Communities C1",
    "numBathrooms": "1",
    "numBathroomsPlus": null,
    "numBedrooms": "2",
    "numBedroomsPlus": "",
    "numFireplaces": "N",
    "numGarageSpaces": "0.0",
    "numParkingSpaces": "0.0",
    "numRooms": "5",
    "numRoomsPlus": "",
    "occupancy": "Flex",
    "office": {
      "brokerageName": "PURPLEBRICKS, BROKERAGE",
      "id": 23897,
      "mlsNumber": "C4883803"
    },
    "open_house": [
      {
        "date": "",
        "endTime": "",
        "id": 71689,
        "mlsNumber": "C4883803",
        "startTime": ""
      },
      {
        "date": "",
        "endTime": "",
        "id": 71690,
        "mlsNumber": "C4883803",
        "startTime": ""
      },
      {
        "date": "",
        "endTime": "",
        "id": 71691,
        "mlsNumber": "C4883803",
        "startTime": ""
      }
    ],
    "parkingIncl": "N",
    "permission": {
      "displayAddressOnInternet": "Y",
      "displayPublic": "Y",
      "id": 23897,
      "mlsNumber": "C4883803"
    },
    "propertyType": "Condo Apt",
    "room": [
      {
        "description": "Master",
        "features": "",
        "features2": "",
        "features3": "",
        "id": 286753,
        "length": "3.86",
        "mlsNumber": "C4883803",
        "roomNo": "1",
        "width": "3.23"
      },
      {
        "description": "2nd Br",
        "features": "",
        "features2": "",
        "features3": "",
        "id": 286754,
        "length": "3.18",
        "mlsNumber": "C4883803",
        "roomNo": "2",
        "width": "2.74"
      },
      {
        "description": "Dining",
        "features": "",
        "features2": "",
        "features3": "",
        "id": 286755,
        "length": "4.14",
        "mlsNumber": "C4883803",
        "roomNo": "3",
        "width": "3.58"
      },
      {
        "description": "Kitchen",
        "features": "",
        "features2": "",
        "features3": "",
        "id": 286756,
        "length": "3.25",
        "mlsNumber": "C4883803",
        "roomNo": "4",
        "width": "3.25"
      },
      {
        "description": "Living",
        "features": "",
        "features2": "",
        "features3": "",
        "id": 286757,
        "length": "3.78",
        "mlsNumber": "C4883803",
        "roomNo": "5",
        "width": "3.73"
      },
      {
        "description": "",
        "features": "",
        "features2": "",
        "features3": "",
        "id": 286758,
        "length": "",
        "mlsNumber": "C4883803",
        "roomNo": "6",
        "width": ""
      },
      {
        "description": "",
        "features": "",
        "features2": "",
        "features3": "",
        "id": 286759,
        "length": "",
        "mlsNumber": "C4883803",
        "roomNo": "7",
        "width": ""
      },
      {
        "description": "",
        "features": "",
        "features2": "",
        "features3": "",
        "id": 286760,
        "length": "",
        "mlsNumber": "C4883803",
        "roomNo": "8",
        "width": ""
      },
      {
        "description": "",
        "features": "",
        "features2": "",
        "features3": "",
        "id": 286761,
        "length": "",
        "mlsNumber": "C4883803",
        "roomNo": "9",
        "width": ""
      },
      {
        "description": "",
        "features": "",
        "features2": "",
        "features3": "",
        "id": 286762,
        "length": "",
        "mlsNumber": "C4883803",
        "roomNo": "10",
        "width": ""
      },
      {
        "description": "",
        "features": "",
        "features2": "",
        "features3": "",
        "id": 286763,
        "length": "",
        "mlsNumber": "C4883803",
        "roomNo": "11",
        "width": ""
      },
      {
        "description": "",
        "features": "",
        "features2": "",
        "features3": "",
        "id": 286764,
        "length": "",
        "mlsNumber": "C4883803",
        "roomNo": "12",
        "width": ""
      }
    ],
    "soldDate": null,
    "soldPrice": "0.00",
    "sqft": "800-899",
    "state": "Ontario",
    "status": "A",
    "streetDirection": "W",
    "streetName": "Queens",
    "streetNumber": "270",
    "streetSuffix": "Quay",
    "style": "Apartment",
    "tax": {
      "annualAmount": "2110.96",
      "assessmentYear": "2020",
      "id": 23897,
      "mlsNumber": "C4883803"
    },
    "taxesIncl": "N",
    "timestamp": {
      "closedDate": null,
      "conditionalExpiryDate": null,
      "expiryDate": "2020-12-23T00:00:00.000Z",
      "extensionEntryDate": null,
      "id": 23897,
      "idxUpdated": null,
      "listingEntryDate": "2020-08-24T00:00:00.000Z",
      "listingUpdated": "2020-08-25T17:39:17.000Z",
      "mlsNumber": "C4883803",
      "photosUpdated": "2020-08-25T12:51:58.000Z",
      "suspendedDate": null,
      "terminatedDate": null,
      "unavailableDate": null
    },
    "type": "Sale",
    "unitNumber": "2706",
    "updatedOn": "2020-08-25T17:39:17.000Z",
    "updated_at": "2020-09-21T01:17:22.000000Z",
    "waterIncl": "Y",
    "zip": "M5J2N4"
  },


  {
    "age": {
      "maxAge": 100,
      "minAge": 1,
    },
    "daysOnMarket": 0,
    "price":  {
      "maxPrice": 5000000,
      "minPrice": 50000,
    },
    "propertyType":  {
      "allTypes": false,
      "condoApartment": false,
      "condoTown": false,
      "detached": false,
      "duplex": false,
      "freeholdTown": false,
      "land": false,
      "multiFamily": false,
      "semiDetached": false,
    },
    "rooms":  {
      "baths": 0,
      "beds": 0,
      "garage": 0,
      "parking": 0,
    },
    "size":  {
      "maxSize": 5000,
      "minSize": 200,
    },
    "soldInLast": 0,
    "view": true,
  }