{
  "plugins": [
    "lodash"
  ],
  "extends": [
    "eslint:recommended",
    "plugin:lodash/recommended"
  ],
  "env": {
    "es6": true
  },
  "rules": {
    "indent": [
      "error",
      4,
      {
        "SwitchCase": 1
      }
    ],
    "linebreak-style": [
      "error",
      "unix"
    ],
    "eol-last": [
      "error"
    ],
    "quotes": [
      "error",
      "single"
    ],
    "semi": [
      "error",
      "always"
    ],
    "lodash/import-scope": [
      "error",
      "member"
    ],
    "lodash/prop-shorthand": [
      2,
      "never"
    ]
  }
}
