[
    {
        "status": "Available",
        "listDate": "01/10/2020",
        "soldDate": "05/02/2020",
        "listPrice": "5,000",
        "soldPrice": "3,050,000",
        "mls": "W471325"
    },
    {
        "status": "Sold",
        "listDate": "01/10/2020",
        "soldDate": "05/02/2020",
        "listPrice": "5,000",
        "soldPrice": "3,050,000",
        "mls": "W471325"
    },
    {
        "status": "Terminated",
        "listDate": "01/10/2020",
        "soldDate": "05/02/2020",
        "listPrice": "5,000",
        "soldPrice": "3,050,000",
        "mls": "W471325"
    },
    {
        "status": "Rented",
        "listDate": "01/10/2020",
        "soldDate": "05/02/2020",
        "listPrice": "5,000",
        "soldPrice": "3,050,000",
        "mls": "W471325"
    }
]