[
  {
    "id": "p1",
    "mlsNumber": "C4818815",
    "address": "285 Blythwood Rd",
    "status": "Available",
    "propertyClass": "Freehold",
    "type": "Detached",
    "listPrice": "1,999,999",
    "daysOnMarket": "5",
    "listDate": "June 5, 2020",
    "lastStatus": "For Sale",
    "soldPrice": "3,050,000",
    "soldDate": "Feb 20, 2019",
    "area": "Toronto",
    "city": "Toronto",
    "country": "Canada",
    "district": "Mount Pleasant East",
    "images": [
      {
        "image": "https://cache03.housesigma.com/Live/photos/FULL/2/889/C4629889_2.jpg?fa936f05"
      },
      {
        "image": "https://cache03.housesigma.com/Live/photos/FULL/2/889/C4629889_2.jpg?fa936f05"
      },
      {
        "image": "https://cache03.housesigma.com/Live/photos/FULL/4/889/C4629889_4.jpg?fa936f05"
      }
    ],
    "description": "An Exemplary Custom Home Designed By Crang & Boake, Which Is As Current Today As When It Was Built In The Late 80S. Standing Majestically On The Hill, Reminiscent Of A Limestone French Grist Mill, W/ Private Vistas O/Looking The Lawrence Park Ravine. A Private, Self-Contained Home, W/ Heated Stone Double Drive, Direct Access From Double Garage, Open Concept Living, All W/ Unobstructed Ravine Views From Your Treetop Aerie.",
    "bedAdult": "4",
    "bedChild": "1",
    "baths": "4",
    "parking": "4"
  },
  {
    "id": "p2",
    "mlsNumber": "C4652890",
    "address": "447 Soudan Ave",
    "status": "Unavailable",
    "propertyClass": "Freehold",
    "type": "Detached",
    "listPrice": "899,999",
    "daysOnMarket": "5",
    "listDate": "June 5, 2020",
    "lastStatus": "Sold",
    "soldPrice": "950,000",
    "soldDate": "June 5, 2020",
    "area": "Toronto",
    "city": "Toronto",
    "country": "Canada",
    "district": "Mount Pleasant East",
    "images": [
      {
        "image": "https://bungol.sfo2.digitaloceanspaces.com/treb/C4818137/C4818137-5.jpg"
      },
      {
        "image": "https://bungol.sfo2.digitaloceanspaces.com/treb/C4818137/C4818137-6.jpg"
      },
      {
        "image": "https://bungol.sfo2.digitaloceanspaces.com/treb/C4818137/C4818137-8.jpg"
      }
    ],
    "description": "An Exemplary Custom Home Designed By Crang & Boake, Which Is As Current Today As When It Was Built In The Late 80S. Standing Majestically On The Hill, Reminiscent Of A Limestone French Grist Mill, W/ Private Vistas O/Looking The Lawrence Park Ravine. A Private, Self-Contained Home, W/ Heated Stone Double Drive, Direct Access From Double Garage, Open Concept Living, All W/ Unobstructed Ravine Views From Your Treetop Aerie.",
    "bedAdult": "7",
    "bedChild": "3",
    "baths": "1",
    "parking": "5"
  }
]